user_id,session_duration_minutes,pages_visited,click_through_rate,historical_likes,historical_comments,days_since_last_login,device_type,engagement_tier,churn_probability
USER_0001,5.2,2,0.026,5,0,13,Mobile,Low,0.793
USER_0002,21.2,10,0.16,16,5,10,Mobile,Medium,0.159
USER_0003,68.7,49,0.179,138,39,3,Mobile,High,0.088
USER_0004,20.7,3,0.171,13,1,7,Mobile,Medium,0.298
USER_0005,6.2,4,0.127,7,7,7,Desktop,Medium,0.111
USER_0006,6.0,1,0.033,3,1,33,Mobile,Low,0.727
USER_0007,10.9,12,0.06,21,4,5,Mobile,Medium,0.361
USER_0008,23.0,27,0.366,39,15,2,Mobile,High,0.05
USER_0009,2.6,2,0.016,3,0,45,Mobile,Low,0.7
USER_0010,15.3,3,0.16,25,3,2,Mobile,Medium,0.173
USER_0011,7.9,2,0.031,1,1,44,Mobile,Low,0.622
USER_0012,59.4,49,0.372,81,47,0,Desktop,High,0.055
USER_0013,78.0,31,0.256,145,29,0,Desktop,High,0.051
USER_0014,9.2,2,0.028,5,1,27,Tablet,Low,0.619
USER_0015,1.8,3,0.071,1,1,7,Mobile,Low,0.609
USER_0016,9.2,2,0.047,4,1,17,Mobile,Low,0.761
USER_0017,5.7,1,0.073,5,2,40,Desktop,Low,0.604
USER_0018,83.9,42,0.155,143,19,1,Tablet,High,0.021
USER_0019,14.1,8,0.169,24,3,4,Mobile,Medium,0.391
USER_0020,9.5,3,0.065,0,2,15,Mobile,Low,0.657
USER_0021,29.7,11,0.151,25,2,3,Mobile,Medium,0.229
USER_0022,9.4,2,0.047,4,2,29,Desktop,Low,0.759
USER_0023,3.6,3,0.056,4,2,44,Mobile,Low,0.606
USER_0024,55.6,27,0.185,138,23,0,Mobile,High,0.069
USER_0025,23.6,23,0.315,87,10,3,Mobile,High,0.131
USER_0026,23.4,32,0.2,102,35,0,Mobile,High,0.071
USER_0027,3.2,2,0.035,0,0,28,Desktop,Low,0.837
USER_0028,21.0,8,0.115,5,8,2,Mobile,Medium,0.244
USER_0029,8.9,3,0.023,4,0,20,Mobile,Low,0.851
USER_0030,21.7,12,0.086,16,0,9,Mobile,Medium,0.118
USER_0031,119.0,49,0.257,85,19,3,Desktop,High,0.054
USER_0032,13.1,9,0.057,9,4,5,Tablet,Medium,0.126
USER_0033,5.1,2,0.013,4,0,21,Mobile,Low,0.824
USER_0034,39.7,17,0.204,66,46,3,Mobile,High,0.015
USER_0035,10.0,4,0.133,9,4,10,Mobile,Medium,0.172
USER_0036,57.2,34,0.335,49,10,1,Mobile,High,0.14
USER_0037,84.1,44,0.256,92,14,3,Mobile,High,0.053
USER_0038,90.2,25,0.294,56,38,0,Mobile,High,0.105
USER_0039,37.1,22,0.325,145,49,2,Desktop,High,0.133
USER_0040,26.8,6,0.165,13,0,2,Desktop,Medium,0.187
USER_0041,24.2,8,0.085,15,0,10,Desktop,Medium,0.351
USER_0042,3.0,3,0.024,0,0,38,Mobile,Low,0.719
USER_0043,20.5,18,0.384,79,21,2,Desktop,High,0.129
USER_0044,3.1,4,0.041,4,2,8,Desktop,Low,0.781
USER_0045,22.6,12,0.129,12,10,5,Tablet,Medium,0.387
USER_0046,6.4,1,0.076,0,2,20,Desktop,Low,0.604
USER_0047,12.2,3,0.06,17,4,10,Mobile,Medium,0.397
USER_0048,5.5,12,0.096,25,4,6,Mobile,Medium,0.242
USER_0049,2.9,2,0.077,2,1,17,Mobile,Low,0.574
USER_0050,2.4,3,0.054,3,0,16,Desktop,Low,0.834
USER_0051,25.2,14,0.095,17,9,10,Mobile,Medium,0.3
USER_0052,20.6,16,0.278,115,50,3,Mobile,High,0.039
USER_0053,73.7,41,0.301,40,9,2,Mobile,High,0.108
USER_0054,9.6,10,0.143,20,2,8,Desktop,Medium,0.204
USER_0055,52.3,15,0.367,97,43,0,Desktop,High,0.097
USER_0056,87.1,44,0.221,140,16,0,Desktop,High,0.057
USER_0057,38.4,38,0.286,95,18,1,Desktop,High,0.058
USER_0058,17.4,9,0.145,18,0,3,Mobile,Medium,0.245
USER_0059,98.7,47,0.33,114,34,2,Tablet,High,0.106
USER_0060,8.4,4,0.02,5,0,33,Mobile,Low,0.746
USER_0061,44.4,33,0.246,70,5,3,Mobile,High,0.105
USER_0062,8.9,3,0.076,5,1,12,Mobile,Low,0.754
USER_0063,29.6,6,0.178,6,9,6,Desktop,Medium,0.314
USER_0064,0.6,2,0.064,5,0,31,Mobile,Low,0.829
USER_0065,11.5,5,0.12,20,0,6,Desktop,Medium,0.197
USER_0066,29.1,13,0.082,13,7,7,Mobile,Medium,0.222
USER_0067,46.0,34,0.196,103,47,2,Desktop,High,0.092
USER_0068,38.2,30,0.255,109,36,2,Desktop,High,0.045
USER_0069,18.9,13,0.111,13,7,2,Mobile,Medium,0.284
USER_0070,52.4,33,0.378,111,30,0,Mobile,High,0.097
USER_0071,55.4,27,0.328,46,38,2,Mobile,High,0.127
USER_0072,8.4,12,0.052,17,2,3,Mobile,Medium,0.118
USER_0073,15.7,3,0.103,18,3,5,Desktop,Medium,0.286
USER_0074,9.9,3,0.04,3,1,38,Tablet,Low,0.592
USER_0075,3.7,4,0.029,0,2,24,Mobile,Low,0.935
USER_0076,2.1,1,0.055,3,0,13,Tablet,Low,0.605
USER_0077,16.2,8,0.092,17,3,2,Desktop,Medium,0.134
USER_0078,26.1,4,0.108,6,6,7,Mobile,Medium,0.182
USER_0079,68.1,50,0.278,36,30,3,Mobile,High,0.141
USER_0080,9.7,3,0.038,1,0,36,Desktop,Low,0.694
USER_0081,48.3,26,0.192,96,16,1,Mobile,High,0.08
USER_0082,0.7,1,0.048,3,1,42,Mobile,Low,0.739
USER_0083,4.8,3,0.059,0,1,33,Desktop,Low,0.61
USER_0084,5.2,1,0.068,1,1,28,Mobile,Low,0.899
USER_0085,41.8,47,0.208,28,12,0,Mobile,High,0.077
USER_0086,8.3,3,0.058,3,0,18,Mobile,Low,0.746
USER_0087,73.6,26,0.161,44,49,3,Mobile,High,0.037
USER_0088,59.5,26,0.283,82,23,1,Desktop,High,0.148
USER_0089,76.0,20,0.3,32,26,3,Desktop,High,0.113
USER_0090,27.3,3,0.117,7,7,7,Desktop,Medium,0.369
USER_0091,9.2,5,0.066,6,0,7,Mobile,Medium,0.152
USER_0092,24.5,15,0.137,7,0,6,Desktop,Medium,0.368
USER_0093,97.1,12,0.163,148,18,3,Mobile,High,0.096
USER_0094,8.9,8,0.07,5,6,6,Mobile,Medium,0.26
USER_0095,117.5,17,0.28,34,8,2,Mobile,High,0.037
USER_0096,6.5,4,0.03,3,1,14,Mobile,Low,0.822
USER_0097,104.0,30,0.211,84,21,2,Mobile,High,0.027
USER_0098,2.8,3,0.061,3,0,36,Mobile,Low,0.583
USER_0099,1.5,4,0.046,2,1,18,Desktop,Low,0.793
USER_0100,3.6,3,0.08,2,1,17,Mobile,Low,0.831
USER_0101,2.1,2,0.074,1,0,12,Mobile,Low,0.65
USER_0102,9.5,9,0.117,23,10,4,Mobile,Medium,0.142
USER_0103,23.9,6,0.093,10,3,5,Mobile,Medium,0.136
USER_0104,9.7,8,0.173,11,5,2,Mobile,Medium,0.34
USER_0105,1.2,2,0.011,4,0,34,Mobile,Low,0.557
USER_0106,5.3,11,0.19,10,10,7,Mobile,Medium,0.191
USER_0107,18.5,4,0.15,25,7,5,Mobile,Medium,0.333
USER_0108,117.1,38,0.339,59,33,3,Tablet,High,0.121
USER_0109,3.5,4,0.062,5,0,36,Mobile,Low,0.881
USER_0110,8.8,9,0.152,17,2,8,Mobile,Medium,0.123
USER_0111,1.9,1,0.036,5,0,16,Desktop,Low,0.711
USER_0112,4.9,1,0.067,3,0,30,Mobile,Low,0.791
USER_0113,6.6,2,0.034,5,1,8,Mobile,Low,0.948
USER_0114,22.7,5,0.18,14,1,5,Mobile,Medium,0.228
USER_0115,107.9,38,0.254,91,48,2,Mobile,High,0.102
USER_0116,5.4,4,0.012,4,1,31,Desktop,Low,0.607
USER_0117,27.2,11,0.11,12,3,4,Mobile,Medium,0.339
USER_0118,77.3,19,0.285,76,37,1,Desktop,High,0.108
USER_0119,64.5,49,0.303,106,13,2,Desktop,High,0.064
USER_0120,9.7,3,0.078,2,0,19,Tablet,Low,0.904
USER_0121,62.3,44,0.391,86,48,1,Desktop,High,0.103
USER_0122,4.6,4,0.073,0,0,23,Mobile,Low,0.612
USER_0123,2.6,3,0.026,4,2,44,Mobile,Low,0.633
USER_0124,24.6,9,0.143,8,10,7,Mobile,Medium,0.221
USER_0125,6.6,2,0.047,3,0,13,Mobile,Low,0.796
USER_0126,99.9,21,0.169,102,38,0,Mobile,High,0.116
USER_0127,7.3,2,0.044,2,2,40,Mobile,Low,0.797
USER_0128,25.7,5,0.155,7,9,9,Mobile,Medium,0.323
USER_0129,22.5,29,0.164,128,20,1,Mobile,High,0.123
USER_0130,1.5,1,0.016,2,2,15,Mobile,Low,0.689
USER_0131,19.7,8,0.084,8,7,10,Mobile,Medium,0.121
USER_0132,14.8,6,0.067,18,0,3,Mobile,Medium,0.167
USER_0133,29.1,4,0.137,15,3,5,Desktop,Medium,0.219
USER_0134,7.6,10,0.095,25,0,7,Tablet,Medium,0.201
USER_0135,85.2,48,0.189,29,38,0,Mobile,High,0.128
USER_0136,5.2,1,0.028,1,0,41,Mobile,Low,0.88
USER_0137,8.2,3,0.026,3,1,18,Mobile,Low,0.841
USER_0138,30.9,36,0.171,63,12,1,Mobile,High,0.149
USER_0139,9.3,11,0.131,15,4,5,Mobile,Medium,0.374
USER_0140,9.3,3,0.039,3,2,19,Mobile,Low,0.619
USER_0141,19.4,12,0.091,14,10,10,Mobile,Medium,0.358
USER_0142,95.8,47,0.353,141,30,3,Desktop,High,0.063
USER_0143,21.0,15,0.15,24,1,9,Desktop,Medium,0.291
USER_0144,83.5,46,0.323,65,32,1,Mobile,High,0.065
USER_0145,3.8,1,0.03,5,2,36,Desktop,Low,0.866
USER_0146,88.0,47,0.191,48,7,1,Mobile,High,0.113
USER_0147,29.6,14,0.185,17,9,5,Desktop,Medium,0.259
USER_0148,1.6,1,0.047,3,1,8,Mobile,Low,0.584
USER_0149,27.8,7,0.083,23,3,4,Desktop,Medium,0.279
USER_0150,8.1,3,0.048,4,0,32,Mobile,Low,0.861
USER_0151,12.1,15,0.154,20,5,2,Mobile,Medium,0.298
USER_0152,25.2,15,0.313,75,11,1,Mobile,High,0.127
USER_0153,17.0,5,0.171,11,4,10,Mobile,Medium,0.3
USER_0154,113.5,25,0.197,114,39,3,Tablet,High,0.094
USER_0155,38.5,24,0.399,121,32,1,Desktop,High,0.028
USER_0156,4.0,2,0.073,1,0,30,Desktop,Low,0.791
USER_0157,5.6,2,0.066,3,0,38,Mobile,Low,0.711
USER_0158,9.4,2,0.017,5,0,13,Desktop,Low,0.642
USER_0159,29.4,11,0.14,8,6,3,Mobile,Medium,0.314
USER_0160,1.9,4,0.014,3,2,34,Mobile,Low,0.885
USER_0161,0.6,3,0.051,2,1,44,Mobile,Low,0.644
USER_0162,47.7,29,0.4,84,31,1,Desktop,High,0.097
USER_0163,56.5,38,0.307,58,28,2,Mobile,High,0.116
USER_0164,3.2,1,0.02,2,0,14,Mobile,Low,0.891
USER_0165,8.1,3,0.027,1,1,9,Desktop,Low,0.737
USER_0166,6.0,1,0.026,1,1,43,Mobile,Low,0.83
USER_0167,81.6,16,0.329,79,44,1,Mobile,High,0.115
USER_0168,12.4,6,0.114,8,7,8,Mobile,Medium,0.193
USER_0169,26.3,19,0.393,136,22,1,Mobile,High,0.061
USER_0170,9.9,4,0.083,25,8,8,Desktop,Medium,0.126
USER_0171,27.9,26,0.275,88,13,0,Mobile,High,0.134
USER_0172,25.9,6,0.105,16,5,3,Mobile,Medium,0.293
USER_0173,1.2,2,0.044,5,0,29,Desktop,Low,0.722
USER_0174,49.3,13,0.179,69,34,3,Mobile,High,0.122
USER_0175,54.6,31,0.377,67,29,3,Desktop,High,0.048
USER_0176,51.9,49,0.233,59,34,1,Desktop,High,0.113
USER_0177,8.3,2,0.018,4,0,18,Desktop,Low,0.912
USER_0178,6.3,2,0.018,4,2,29,Mobile,Low,0.946
USER_0179,33.0,36,0.204,95,25,3,Tablet,High,0.085
USER_0180,34.9,31,0.346,51,44,2,Mobile,High,0.112
USER_0181,93.0,34,0.161,77,20,1,Desktop,High,0.08
USER_0182,104.5,13,0.378,92,41,3,Tablet,High,0.047
USER_0183,10.7,7,0.119,12,10,7,Mobile,Medium,0.12
USER_0184,38.6,44,0.283,58,8,1,Mobile,High,0.092
USER_0185,24.6,13,0.061,10,5,4,Desktop,Medium,0.238
USER_0186,18.4,15,0.075,21,3,9,Mobile,Medium,0.204
USER_0187,20.7,5,0.106,6,8,5,Desktop,Medium,0.31
USER_0188,8.5,1,0.042,0,2,10,Desktop,Low,0.866
USER_0189,86.8,38,0.306,29,23,0,Mobile,High,0.101
USER_0190,6.4,3,0.014,4,2,38,Mobile,Low,0.579
USER_0191,104.9,33,0.251,121,34,1,Mobile,High,0.102
USER_0192,3.1,3,0.052,3,2,21,Desktop,Low,0.931
USER_0193,80.8,19,0.243,68,11,3,Desktop,High,0.017
USER_0194,7.5,2,0.07,1,0,25,Desktop,Low,0.749
USER_0195,60.9,26,0.319,111,34,1,Mobile,High,0.03
USER_0196,2.2,4,0.041,4,2,22,Mobile,Low,0.81
USER_0197,7.1,4,0.073,0,0,17,Tablet,Low,0.609
USER_0198,3.6,1,0.025,0,0,33,Mobile,Low,0.626
USER_0199,24.8,10,0.053,24,5,3,Tablet,Medium,0.13
USER_0200,9.5,1,0.021,5,1,38,Mobile,Low,0.714
USER_0201,6.8,3,0.014,3,2,43,Mobile,Low,0.71
USER_0202,5.2,1,0.016,3,2,19,Mobile,Low,0.571
USER_0203,82.7,36,0.29,73,37,3,Mobile,High,0.061
USER_0204,8.2,11,0.124,10,9,2,Tablet,Medium,0.298
USER_0205,76.2,49,0.225,40,24,2,Mobile,High,0.127
USER_0206,7.5,13,0.055,8,9,8,Desktop,Medium,0.197
USER_0207,28.0,46,0.37,97,46,1,Mobile,High,0.059
USER_0208,11.1,12,0.169,24,1,7,Mobile,Medium,0.18
USER_0209,6.0,7,0.183,8,10,7,Mobile,Medium,0.271
USER_0210,109.4,11,0.347,107,42,1,Desktop,High,0.12
USER_0211,45.5,17,0.335,23,48,3,Tablet,High,0.103
USER_0212,22.0,15,0.167,14,3,8,Tablet,Medium,0.273
USER_0213,94.4,26,0.268,83,9,1,Mobile,High,0.025
USER_0214,6.9,1,0.056,2,1,39,Desktop,Low,0.922
USER_0215,9.1,6,0.06,6,4,2,Mobile,Medium,0.133
USER_0216,9.6,12,0.17,5,9,9,Desktop,Medium,0.199
USER_0217,23.1,41,0.273,120,39,2,Mobile,High,0.121
USER_0218,7.2,2,0.036,1,2,28,Tablet,Low,0.846
USER_0219,56.7,26,0.179,125,32,2,Mobile,High,0.099
USER_0220,26.5,10,0.147,20,3,6,Mobile,Medium,0.324
USER_0221,66.4,21,0.192,87,38,1,Mobile,High,0.057
USER_0222,7.5,1,0.019,4,0,7,Desktop,Low,0.717
USER_0223,17.4,12,0.132,24,4,3,Mobile,Medium,0.238
USER_0224,1.8,1,0.042,2,0,43,Mobile,Low,0.597
USER_0225,12.0,5,0.113,20,6,9,Mobile,Medium,0.141
USER_0226,7.3,14,0.066,22,3,10,Tablet,Medium,0.187
USER_0227,35.4,48,0.343,117,12,3,Mobile,High,0.048
USER_0228,22.6,5,0.183,19,9,2,Desktop,Medium,0.104
USER_0229,7.2,2,0.032,2,0,14,Mobile,Low,0.657
USER_0230,3.8,3,0.021,0,0,32,Mobile,Low,0.937
USER_0231,66.1,37,0.231,73,30,2,Mobile,High,0.033
USER_0232,86.5,14,0.253,38,15,1,Mobile,High,0.091
USER_0233,27.5,5,0.174,15,10,2,Mobile,Medium,0.315
USER_0234,56.5,28,0.216,43,24,1,Desktop,High,0.148
USER_0235,19.0,5,0.118,11,10,5,Mobile,Medium,0.335
USER_0236,10.1,3,0.192,24,8,9,Mobile,Medium,0.382
USER_0237,66.7,13,0.269,108,41,3,Mobile,High,0.04
USER_0238,21.1,7,0.119,17,2,6,Mobile,Medium,0.15
USER_0239,86.9,43,0.192,95,16,0,Tablet,High,0.092
USER_0240,9.9,3,0.049,2,2,8,Desktop,Low,0.56
USER_0241,106.3,25,0.174,135,40,0,Desktop,High,0.129
USER_0242,97.0,33,0.267,33,31,3,Mobile,High,0.029
USER_0243,21.7,9,0.131,23,4,6,Mobile,Medium,0.198
USER_0244,29.8,3,0.067,24,3,9,Desktop,Medium,0.111
USER_0245,42.6,28,0.165,103,39,3,Mobile,High,0.031
USER_0246,20.9,15,0.131,8,10,5,Desktop,Medium,0.237
USER_0247,26.2,3,0.077,7,7,9,Mobile,Medium,0.382
USER_0248,30.1,36,0.265,72,8,0,Desktop,High,0.083
USER_0249,30.1,33,0.287,98,42,3,Desktop,High,0.014
USER_0250,25.6,30,0.295,96,28,2,Mobile,High,0.072
USER_0251,54.8,27,0.381,69,44,1,Mobile,High,0.011
USER_0252,84.1,12,0.277,72,25,0,Mobile,High,0.085
USER_0253,103.7,37,0.187,120,20,0,Mobile,High,0.097
USER_0254,6.4,3,0.078,1,1,40,Mobile,Low,0.748
USER_0255,66.7,13,0.188,149,34,3,Desktop,High,0.02
USER_0256,28.5,8,0.144,21,7,4,Mobile,Medium,0.37
USER_0257,1.6,3,0.055,3,1,42,Mobile,Low,0.697
USER_0258,26.4,14,0.143,21,0,3,Desktop,Medium,0.305
USER_0259,63.0,27,0.25,117,46,1,Mobile,High,0.073
USER_0260,64.8,10,0.162,109,38,0,Mobile,High,0.065
USER_0261,1.7,2,0.022,3,2,29,Mobile,Low,0.658
USER_0262,95.2,47,0.246,77,46,2,Desktop,High,0.14
USER_0263,65.1,37,0.164,87,44,1,Mobile,High,0.069
USER_0264,2.4,2,0.049,1,0,10,Mobile,Low,0.739
USER_0265,2.0,1,0.026,0,2,34,Desktop,Low,0.694
USER_0266,6.9,8,0.086,10,1,2,Mobile,Medium,0.127
USER_0267,5.4,2,0.021,1,0,35,Mobile,Low,0.618
USER_0268,52.5,19,0.361,84,25,1,Mobile,High,0.091
USER_0269,5.4,8,0.196,18,8,7,Desktop,Medium,0.226
USER_0270,48.8,11,0.313,108,39,3,Desktop,High,0.07
USER_0271,62.7,35,0.19,50,6,2,Mobile,High,0.063
USER_0272,2.0,1,0.076,0,0,44,Mobile,Low,0.878
USER_0273,66.4,42,0.31,30,36,2,Mobile,High,0.027
USER_0274,5.3,1,0.033,0,0,36,Mobile,Low,0.884
USER_0275,2.2,4,0.048,4,2,27,Mobile,Low,0.744
USER_0276,0.5,1,0.026,3,1,15,Desktop,Low,0.647
USER_0277,42.8,31,0.275,67,23,3,Desktop,High,0.103
USER_0278,6.1,4,0.028,2,2,35,Mobile,Low,0.853
USER_0279,21.0,11,0.111,13,2,10,Mobile,Medium,0.276
USER_0280,19.8,10,0.105,21,7,7,Mobile,Medium,0.219
USER_0281,21.9,5,0.075,7,0,7,Mobile,Medium,0.341
USER_0282,2.1,1,0.031,3,1,7,Mobile,Low,0.73
USER_0283,2.1,1,0.075,0,1,39,Mobile,Low,0.805
USER_0284,90.1,34,0.389,21,7,2,Mobile,High,0.063
USER_0285,60.1,50,0.238,58,22,3,Mobile,High,0.021
USER_0286,5.1,1,0.037,1,0,15,Mobile,Low,0.884
USER_0287,9.8,13,0.186,22,6,8,Mobile,Medium,0.196
USER_0288,13.5,6,0.192,10,7,8,Tablet,Medium,0.331
USER_0289,6.8,2,0.038,0,2,18,Mobile,Low,0.934
USER_0290,21.3,12,0.157,18,8,4,Desktop,Medium,0.26
USER_0291,115.4,32,0.2,83,19,3,Tablet,High,0.138
USER_0292,20.4,9,0.134,20,8,6,Tablet,Medium,0.299
USER_0293,9.4,3,0.051,5,0,14,Mobile,Low,0.681
USER_0294,6.9,4,0.163,10,7,6,Tablet,Medium,0.293
USER_0295,9.3,11,0.184,25,5,4,Mobile,Medium,0.182
USER_0296,3.1,2,0.021,3,1,34,Desktop,Low,0.658
USER_0297,7.1,11,0.154,19,3,8,Mobile,Medium,0.33
USER_0298,5.7,2,0.015,1,0,13,Desktop,Low,0.883
USER_0299,11.2,10,0.064,24,4,6,Mobile,Medium,0.173
USER_0300,58.3,12,0.193,51,12,0,Tablet,High,0.036
USER_0301,8.3,1,0.053,4,1,27,Tablet,Low,0.675
USER_0302,12.4,9,0.154,19,4,3,Mobile,Medium,0.111
USER_0303,31.3,15,0.371,73,13,0,Mobile,High,0.071
USER_0304,114.1,33,0.275,22,26,3,Mobile,High,0.103
USER_0305,24.8,7,0.166,22,3,5,Desktop,Medium,0.226
USER_0306,93.2,30,0.281,90,7,1,Mobile,High,0.067
USER_0307,29.9,11,0.122,6,0,8,Mobile,Medium,0.393
USER_0308,21.2,10,0.102,21,6,4,Mobile,Medium,0.221
USER_0309,60.8,22,0.299,85,7,3,Desktop,High,0.11
USER_0310,8.7,4,0.088,25,4,5,Mobile,Medium,0.254
USER_0311,81.2,48,0.188,36,48,2,Mobile,High,0.012
USER_0312,73.0,17,0.232,22,49,1,Mobile,High,0.085
USER_0313,26.0,14,0.069,24,0,3,Mobile,Medium,0.275
USER_0314,108.9,36,0.276,118,6,1,Desktop,High,0.099
USER_0315,9.4,2,0.04,0,2,25,Desktop,Low,0.729
USER_0316,3.3,3,0.034,4,0,28,Desktop,Low,0.605
USER_0317,6.3,4,0.025,3,0,18,Mobile,Low,0.816
USER_0318,79.2,26,0.307,25,13,2,Desktop,High,0.142
USER_0319,10.1,3,0.12,10,3,4,Mobile,Medium,0.384
USER_0320,52.1,18,0.317,128,6,1,Mobile,High,0.054
USER_0321,106.4,23,0.175,91,30,2,Mobile,High,0.088
USER_0322,94.8,10,0.347,23,13,2,Mobile,High,0.116
USER_0323,23.6,15,0.11,6,10,4,Desktop,Medium,0.117
USER_0324,4.6,3,0.076,0,1,39,Desktop,Low,0.854
USER_0325,8.1,3,0.013,2,1,15,Mobile,Low,0.648
USER_0326,22.4,10,0.051,20,0,7,Desktop,Medium,0.338
USER_0327,9.9,4,0.037,5,1,13,Desktop,Low,0.83
USER_0328,39.1,19,0.155,90,45,1,Mobile,High,0.052
USER_0329,65.4,40,0.322,130,30,1,Mobile,High,0.043
USER_0330,6.7,9,0.171,22,2,6,Mobile,Medium,0.226
USER_0331,8.2,8,0.198,21,2,6,Desktop,Medium,0.356
USER_0332,22.6,4,0.059,12,9,7,Mobile,Medium,0.128
USER_0333,4.8,1,0.051,0,1,17,Tablet,Low,0.808
USER_0334,7.6,2,0.07,0,1,33,Tablet,Low,0.882
USER_0335,1.7,2,0.079,1,1,20,Mobile,Low,0.764
USER_0336,70.4,27,0.184,130,12,3,Mobile,High,0.043
USER_0337,53.8,35,0.257,53,40,2,Mobile,High,0.14
USER_0338,92.1,39,0.366,131,46,1,Tablet,High,0.022
USER_0339,63.9,33,0.186,70,36,2,Desktop,High,0.102
USER_0340,24.9,3,0.099,25,5,7,Mobile,Medium,0.231
USER_0341,85.0,32,0.256,109,50,3,Mobile,High,0.012
USER_0342,64.6,14,0.382,83,5,0,Mobile,High,0.105
USER_0343,93.9,28,0.376,54,41,2,Desktop,High,0.057
USER_0344,9.2,2,0.069,4,0,38,Mobile,Low,0.775
USER_0345,2.7,3,0.054,2,1,14,Desktop,Low,0.882
USER_0346,29.9,9,0.141,7,9,2,Mobile,Medium,0.257
USER_0347,26.2,14,0.194,23,10,9,Mobile,Medium,0.366
USER_0348,28.1,13,0.165,18,4,8,Tablet,Medium,0.258
USER_0349,2.8,2,0.014,0,0,22,Mobile,Low,0.929
USER_0350,2.4,3,0.052,1,1,13,Mobile,Low,0.713
USER_0351,57.2,16,0.25,118,11,2,Mobile,High,0.091
USER_0352,3.0,1,0.022,3,1,7,Mobile,Low,0.907
USER_0353,40.1,48,0.377,131,47,0,Desktop,High,0.038
USER_0354,26.0,13,0.164,25,5,10,Mobile,Medium,0.124
USER_0355,27.3,10,0.18,48,50,3,Desktop,High,0.02
USER_0356,8.2,3,0.041,4,2,31,Desktop,Low,0.678
USER_0357,6.9,2,0.019,2,0,42,Mobile,Low,0.943
USER_0358,6.7,3,0.047,4,1,33,Mobile,Low,0.684
USER_0359,4.6,1,0.032,1,2,14,Desktop,Low,0.649
USER_0360,4.1,2,0.071,3,2,7,Mobile,Low,0.574
USER_0361,7.6,2,0.034,3,2,27,Mobile,Low,0.823
USER_0362,72.6,10,0.385,50,19,0,Mobile,High,0.087
USER_0363,0.8,3,0.074,2,0,19,Mobile,Low,0.704
USER_0364,106.0,23,0.164,28,43,3,Tablet,High,0.148
USER_0365,9.6,1,0.034,1,0,15,Mobile,Low,0.902
USER_0366,61.9,47,0.313,115,38,2,Mobile,High,0.06
USER_0367,18.8,3,0.054,8,7,5,Mobile,Medium,0.103
USER_0368,8.1,4,0.054,1,0,8,Mobile,Low,0.551
USER_0369,82.2,33,0.344,147,31,3,Mobile,High,0.07
USER_0370,12.9,10,0.06,21,2,8,Mobile,Medium,0.303
USER_0371,8.8,1,0.05,0,2,14,Mobile,Low,0.572
USER_0372,67.8,22,0.398,50,6,1,Tablet,High,0.092
USER_0373,16.7,9,0.136,19,5,10,Mobile,Medium,0.372
USER_0374,6.3,13,0.159,15,10,5,Mobile,Medium,0.187
USER_0375,53.2,24,0.345,123,16,1,Desktop,High,0.113
USER_0376,6.0,9,0.05,18,10,9,Tablet,Medium,0.289
USER_0377,41.4,22,0.239,75,10,0,Mobile,High,0.108
USER_0378,60.7,36,0.152,133,7,0,Mobile,High,0.128
USER_0379,27.1,16,0.299,53,40,2,Mobile,High,0.138
USER_0380,59.1,36,0.315,73,6,0,Mobile,High,0.128
USER_0381,7.9,1,0.062,1,1,39,Mobile,Low,0.578
USER_0382,7.1,4,0.065,10,10,2,Mobile,Medium,0.371
USER_0383,1.4,3,0.066,3,2,42,Mobile,Low,0.921
USER_0384,5.9,2,0.066,0,1,43,Desktop,Low,0.564
USER_0385,109.2,17,0.33,32,17,3,Mobile,High,0.106
USER_0386,50.9,10,0.221,123,33,3,Desktop,High,0.063
USER_0387,1.6,1,0.062,0,2,34,Mobile,Low,0.635
USER_0388,6.1,1,0.027,5,2,28,Mobile,Low,0.816
USER_0389,51.8,36,0.31,50,34,3,Tablet,High,0.099
USER_0390,3.7,2,0.02,4,0,42,Desktop,Low,0.831
USER_0391,101.4,32,0.369,50,14,2,Desktop,High,0.143
USER_0392,1.7,4,0.076,0,0,20,Mobile,Low,0.676
USER_0393,88.1,33,0.314,50,18,3,Mobile,High,0.116
USER_0394,112.0,37,0.243,26,28,2,Mobile,High,0.132
USER_0395,8.7,1,0.056,5,1,25,Desktop,Low,0.706
USER_0396,7.3,6,0.16,18,10,8,Desktop,Medium,0.303
USER_0397,2.4,3,0.079,4,0,26,Desktop,Low,0.801
USER_0398,102.5,15,0.181,44,21,0,Tablet,High,0.109
USER_0399,21.2,8,0.182,20,0,6,Mobile,Medium,0.133
USER_0400,24.3,9,0.101,22,9,2,Mobile,Medium,0.217
USER_0401,17.0,8,0.127,19,3,5,Mobile,Medium,0.206
USER_0402,39.8,13,0.215,103,38,1,Desktop,High,0.142
USER_0403,9.8,8,0.137,22,10,4,Desktop,Medium,0.151
USER_0404,3.8,4,0.016,2,0,38,Mobile,Low,0.74
USER_0405,66.0,24,0.179,60,34,3,Tablet,High,0.133
USER_0406,53.2,14,0.334,125,14,3,Mobile,High,0.108
USER_0407,114.0,11,0.392,83,26,1,Desktop,High,0.071
USER_0408,26.6,46,0.157,115,39,3,Mobile,High,0.022
USER_0409,86.5,45,0.197,25,43,0,Mobile,High,0.131
USER_0410,10.4,14,0.135,6,10,8,Mobile,Medium,0.133
USER_0411,8.7,2,0.043,1,1,33,Mobile,Low,0.703
USER_0412,54.9,19,0.389,85,23,2,Desktop,High,0.092
USER_0413,18.6,5,0.087,25,3,8,Tablet,Medium,0.399
USER_0414,9.9,3,0.036,2,2,36,Mobile,Low,0.714
USER_0415,26.3,13,0.093,23,3,2,Desktop,Medium,0.131
USER_0416,3.3,3,0.063,0,1,32,Mobile,Low,0.7
USER_0417,16.1,10,0.153,9,2,9,Desktop,Medium,0.198
USER_0418,3.0,4,0.028,2,1,43,Tablet,Low,0.622
USER_0419,11.4,10,0.188,5,10,3,Desktop,Medium,0.368
USER_0420,3.7,3,0.013,3,1,43,Mobile,Low,0.923
USER_0421,9.8,10,0.08,8,6,8,Mobile,Medium,0.273
USER_0422,1.8,2,0.055,4,0,27,Mobile,Low,0.795
USER_0423,2.3,2,0.012,2,2,24,Desktop,Low,0.84
USER_0424,5.1,4,0.029,4,0,39,Desktop,Low,0.617
USER_0425,19.0,10,0.078,8,1,8,Mobile,Medium,0.362
USER_0426,24.7,12,0.076,17,3,9,Mobile,Medium,0.184
USER_0427,105.0,46,0.295,66,19,1,Mobile,High,0.149
USER_0428,20.2,11,0.148,20,9,5,Mobile,Medium,0.246
USER_0429,26.8,10,0.129,7,10,10,Desktop,Medium,0.394
USER_0430,103.6,28,0.39,25,40,1,Tablet,High,0.129
USER_0431,8.4,4,0.076,0,1,40,Mobile,Low,0.839
USER_0432,4.9,1,0.075,5,2,39,Tablet,Low,0.795
USER_0433,24.1,13,0.199,13,1,4,Mobile,Medium,0.319
USER_0434,29.9,9,0.191,15,4,6,Mobile,Medium,0.193
USER_0435,10.0,13,0.074,11,7,2,Mobile,Medium,0.277
USER_0436,23.9,7,0.125,17,1,10,Mobile,Medium,0.171
USER_0437,10.1,11,0.056,7,7,8,Mobile,Medium,0.334
USER_0438,20.3,10,0.106,7,4,2,Desktop,Medium,0.231
USER_0439,50.8,15,0.372,37,27,3,Mobile,High,0.107
USER_0440,89.5,32,0.239,38,27,0,Desktop,High,0.057
USER_0441,10.3,9,0.057,10,10,8,Desktop,Medium,0.162
USER_0442,19.9,10,0.143,20,10,5,Desktop,Medium,0.264
USER_0443,23.3,3,0.124,6,10,10,Tablet,Medium,0.298
USER_0444,7.5,8,0.134,17,7,7,Desktop,Medium,0.236
USER_0445,17.9,3,0.155,14,4,3,Desktop,Medium,0.324
USER_0446,3.9,4,0.016,4,1,8,Mobile,Low,0.553
USER_0447,15.2,4,0.18,5,6,9,Mobile,Medium,0.171
USER_0448,113.2,18,0.299,104,39,2,Mobile,High,0.118
USER_0449,5.5,13,0.095,18,9,5,Desktop,Medium,0.245
USER_0450,22.3,15,0.093,23,8,4,Mobile,Medium,0.164
USER_0451,100.3,37,0.323,112,41,0,Mobile,High,0.013
USER_0452,66.4,25,0.357,33,43,0,Desktop,High,0.069
USER_0453,8.3,1,0.063,4,2,19,Mobile,Low,0.652
USER_0454,72.0,17,0.303,62,14,0,Mobile,High,0.013
USER_0455,53.9,24,0.36,114,15,3,Desktop,High,0.133
USER_0456,2.6,2,0.061,0,2,25,Desktop,Low,0.756
USER_0457,22.6,3,0.128,10,6,3,Mobile,Medium,0.146
USER_0458,22.1,3,0.079,13,5,7,Mobile,Medium,0.293
USER_0459,3.9,1,0.061,5,1,36,Desktop,Low,0.917
USER_0460,6.2,4,0.012,3,2,34,Mobile,Low,0.581
USER_0461,15.7,13,0.064,15,7,3,Mobile,Medium,0.389
USER_0462,5.0,4,0.063,8,1,7,Mobile,Medium,0.332
USER_0463,38.9,29,0.364,41,27,2,Desktop,High,0.111
USER_0464,67.3,19,0.216,54,13,1,Mobile,High,0.072
USER_0465,4.8,1,0.043,1,0,43,Tablet,Low,0.79
USER_0466,3.6,2,0.013,2,2,11,Mobile,Low,0.812
USER_0467,20.4,9,0.191,6,4,8,Mobile,Medium,0.125
USER_0468,7.4,1,0.054,2,0,35,Desktop,Low,0.57
USER_0469,8.0,1,0.039,0,0,34,Desktop,Low,0.697
USER_0470,16.6,4,0.199,21,5,5,Mobile,Medium,0.256
USER_0471,2.7,3,0.026,5,2,36,Mobile,Low,0.57
USER_0472,69.6,50,0.367,37,35,1,Mobile,High,0.078
USER_0473,27.0,8,0.053,21,9,3,Mobile,Medium,0.236
USER_0474,72.4,20,0.4,81,41,1,Mobile,High,0.028
USER_0475,107.2,10,0.374,100,17,1,Desktop,High,0.115
USER_0476,2.8,1,0.014,0,0,19,Desktop,Low,0.705
USER_0477,111.5,10,0.178,27,17,1,Mobile,High,0.076
USER_0478,23.8,11,0.08,23,2,3,Mobile,Medium,0.393
USER_0479,8.9,3,0.042,5,2,12,Desktop,Low,0.892
USER_0480,22.2,12,0.198,20,5,9,Mobile,Medium,0.233
USER_0481,0.7,2,0.045,5,1,39,Desktop,Low,0.777
USER_0482,16.3,9,0.095,18,8,2,Desktop,Medium,0.194
USER_0483,88.6,32,0.162,52,46,3,Mobile,High,0.088
USER_0484,10.2,15,0.191,22,10,4,Mobile,Medium,0.291
USER_0485,118.8,41,0.367,57,28,1,Mobile,High,0.12
USER_0486,5.5,3,0.068,4,2,32,Mobile,Low,0.928
USER_0487,22.8,9,0.15,11,0,4,Mobile,Medium,0.356
USER_0488,8.2,14,0.069,17,5,6,Mobile,Medium,0.242
USER_0489,64.3,46,0.187,130,32,0,Mobile,High,0.106
USER_0490,25.2,9,0.108,15,6,8,Mobile,Medium,0.12
USER_0491,75.1,25,0.278,52,44,0,Mobile,High,0.139
USER_0492,3.9,1,0.053,2,0,37,Desktop,Low,0.704
USER_0493,5.3,4,0.064,4,0,30,Desktop,Low,0.723
USER_0494,7.2,1,0.048,0,0,39,Desktop,Low,0.722
USER_0495,9.7,2,0.073,5,0,25,Tablet,Low,0.732
USER_0496,13.3,8,0.139,25,8,8,Mobile,Medium,0.196
USER_0497,0.5,4,0.073,2,0,12,Mobile,Low,0.574
USER_0498,12.7,9,0.18,6,8,4,Mobile,Medium,0.266
USER_0499,33.0,41,0.396,28,27,1,Desktop,High,0.103
USER_0500,15.0,11,0.129,9,4,2,Desktop,Medium,0.233
USER_0501,5.1,3,0.028,0,2,10,Desktop,Low,0.739
USER_0502,11.2,8,0.121,25,3,4,Desktop,Medium,0.327
USER_0503,8.8,11,0.17,20,10,2,Desktop,Medium,0.122
USER_0504,5.0,1,0.08,4,1,20,Desktop,Low,0.634
USER_0505,114.4,43,0.384,37,13,2,Desktop,High,0.011
USER_0506,23.1,12,0.108,20,4,6,Mobile,Medium,0.173
USER_0507,7.4,12,0.096,15,2,5,Tablet,Medium,0.328
USER_0508,22.5,15,0.087,14,10,4,Desktop,Medium,0.294
USER_0509,4.4,4,0.075,4,2,31,Desktop,Low,0.927
USER_0510,7.3,4,0.06,4,1,45,Mobile,Low,0.796
USER_0511,109.2,27,0.344,74,43,0,Mobile,High,0.093
USER_0512,12.6,3,0.112,5,8,10,Desktop,Medium,0.391
USER_0513,59.0,29,0.287,52,34,0,Desktop,High,0.106
USER_0514,24.1,13,0.066,13,3,4,Tablet,Medium,0.36
USER_0515,20.9,12,0.16,11,3,10,Desktop,Medium,0.102
USER_0516,17.5,6,0.055,16,9,9,Mobile,Medium,0.221
USER_0517,9.5,11,0.186,23,6,6,Mobile,Medium,0.204
USER_0518,31.0,18,0.318,74,21,2,Tablet,High,0.059
USER_0519,27.3,9,0.111,23,7,2,Mobile,Medium,0.307
USER_0520,37.0,34,0.201,44,7,0,Tablet,High,0.146
USER_0521,29.5,4,0.108,22,6,8,Mobile,Medium,0.234
USER_0522,15.2,15,0.091,7,2,4,Mobile,Medium,0.303
USER_0523,6.4,4,0.012,0,0,9,Mobile,Low,0.907
USER_0524,5.1,2,0.042,1,1,16,Desktop,Low,0.619
USER_0525,7.7,2,0.023,1,0,34,Mobile,Low,0.927
USER_0526,3.1,2,0.016,0,2,25,Mobile,Low,0.904
USER_0527,7.4,8,0.18,5,6,7,Mobile,Medium,0.215
USER_0528,17.3,9,0.176,6,6,8,Desktop,Medium,0.138
USER_0529,24.2,12,0.144,15,3,8,Tablet,Medium,0.115
USER_0530,28.1,13,0.174,131,39,1,Tablet,High,0.046
USER_0531,42.7,27,0.296,47,16,1,Mobile,High,0.093
USER_0532,28.6,7,0.191,17,0,4,Mobile,Medium,0.131
USER_0533,12.0,7,0.056,19,0,2,Mobile,Medium,0.17
USER_0534,90.7,35,0.255,26,39,3,Desktop,High,0.104
USER_0535,14.7,13,0.159,19,4,7,Desktop,Medium,0.302
USER_0536,98.5,15,0.34,44,50,1,Mobile,High,0.115
USER_0537,9.3,3,0.046,1,1,12,Mobile,Low,0.9
USER_0538,7.6,10,0.087,15,8,7,Tablet,Medium,0.342
USER_0539,1.3,4,0.017,2,0,39,Mobile,Low,0.742
USER_0540,0.7,3,0.03,2,2,13,Mobile,Low,0.668
USER_0541,9.5,5,0.104,7,10,6,Mobile,Medium,0.284
USER_0542,43.2,46,0.223,114,22,0,Mobile,High,0.097
USER_0543,13.3,13,0.149,24,4,8,Desktop,Medium,0.256
USER_0544,4.2,4,0.023,5,2,13,Desktop,Low,0.774
USER_0545,24.8,5,0.172,6,3,5,Mobile,Medium,0.345
USER_0546,6.7,1,0.061,3,0,31,Mobile,Low,0.559
USER_0547,6.3,2,0.032,0,1,16,Desktop,Low,0.827
USER_0548,0.7,2,0.079,3,0,22,Desktop,Low,0.794
USER_0549,7.2,1,0.073,3,0,10,Mobile,Low,0.712
USER_0550,105.9,41,0.307,84,14,3,Tablet,High,0.082
USER_0551,47.9,50,0.32,36,35,0,Mobile,High,0.105
USER_0552,5.5,6,0.127,7,8,7,Mobile,Medium,0.271
USER_0553,118.3,13,0.331,119,7,2,Mobile,High,0.036
USER_0554,24.8,24,0.348,37,29,0,Desktop,High,0.028
USER_0555,9.9,2,0.042,1,1,31,Mobile,Low,0.916
USER_0556,27.7,50,0.18,52,21,2,Mobile,High,0.116
USER_0557,32.2,21,0.398,32,46,1,Mobile,High,0.114
USER_0558,14.6,4,0.183,15,10,10,Mobile,Medium,0.378
USER_0559,26.6,15,0.153,8,0,2,Tablet,Medium,0.219
USER_0560,18.0,6,0.188,17,7,5,Mobile,Medium,0.291
USER_0561,67.9,45,0.23,135,14,1,Mobile,High,0.054
USER_0562,2.5,4,0.049,5,1,33,Mobile,Low,0.707
USER_0563,45.1,25,0.363,78,30,0,Mobile,High,0.042
USER_0564,0.7,3,0.073,1,2,9,Mobile,Low,0.633
USER_0565,7.2,1,0.054,4,2,26,Mobile,Low,0.822
USER_0566,85.8,32,0.206,130,8,1,Mobile,High,0.09
USER_0567,103.0,21,0.323,146,8,3,Mobile,High,0.145
USER_0568,2.3,2,0.053,3,2,30,Mobile,Low,0.611
USER_0569,25.3,4,0.159,7,0,8,Desktop,Medium,0.225
USER_0570,67.7,49,0.352,51,39,2,Mobile,High,0.025
USER_0571,2.2,3,0.053,2,1,34,Mobile,Low,0.635
USER_0572,12.3,10,0.128,10,4,9,Desktop,Medium,0.142
USER_0573,71.7,45,0.285,48,10,3,Mobile,High,0.059
USER_0574,9.9,15,0.147,18,2,8,Mobile,Medium,0.315
USER_0575,23.1,13,0.102,21,3,5,Mobile,Medium,0.246
USER_0576,6.6,4,0.02,0,0,23,Mobile,Low,0.581
USER_0577,6.7,4,0.041,5,0,22,Tablet,Low,0.801
USER_0578,92.0,19,0.25,55,10,3,Mobile,High,0.113
USER_0579,3.5,4,0.044,5,0,41,Desktop,Low,0.941
USER_0580,109.9,16,0.263,142,15,1,Desktop,High,0.087
USER_0581,0.8,4,0.041,3,2,14,Desktop,Low,0.844
USER_0582,3.6,1,0.055,1,2,40,Desktop,Low,0.687
USER_0583,0.6,2,0.075,0,0,31,Desktop,Low,0.704
USER_0584,99.7,32,0.18,125,32,1,Mobile,High,0.054
USER_0585,8.6,3,0.014,0,2,26,Desktop,Low,0.849
USER_0586,118.3,50,0.157,137,39,2,Mobile,High,0.015
USER_0587,78.8,26,0.332,130,40,0,Mobile,High,0.088
USER_0588,28.5,29,0.175,101,33,1,Mobile,High,0.093
USER_0589,28.7,14,0.075,22,0,4,Mobile,Medium,0.182
USER_0590,109.1,11,0.267,68,34,2,Tablet,High,0.101
USER_0591,97.7,17,0.375,54,15,0,Desktop,High,0.052
USER_0592,97.4,42,0.205,98,10,3,Desktop,High,0.088
USER_0593,0.6,1,0.037,2,1,42,Mobile,Low,0.84
USER_0594,22.3,15,0.117,10,4,7,Mobile,Medium,0.158
USER_0595,15.1,3,0.157,13,1,7,Mobile,Medium,0.185
USER_0596,69.5,19,0.217,81,37,1,Desktop,High,0.038
USER_0597,2.6,1,0.015,4,2,12,Mobile,Low,0.806
USER_0598,12.5,9,0.125,19,2,6,Mobile,Medium,0.371
USER_0599,2.9,3,0.014,2,2,9,Desktop,Low,0.636
USER_0600,37.6,35,0.326,86,14,1,Desktop,High,0.018
USER_0601,85.5,39,0.202,145,7,1,Tablet,High,0.023
USER_0602,8.9,6,0.13,13,6,8,Desktop,Medium,0.218
USER_0603,6.6,2,0.012,5,2,17,Mobile,Low,0.743
USER_0604,22.6,14,0.197,12,4,3,Mobile,Medium,0.19
USER_0605,116.1,16,0.158,33,30,3,Mobile,High,0.115
USER_0606,9.6,2,0.019,5,1,10,Mobile,Low,0.623
USER_0607,84.4,11,0.176,22,41,1,Tablet,High,0.084
USER_0608,24.8,11,0.151,20,1,4,Desktop,Medium,0.105
USER_0609,0.6,1,0.045,5,1,19,Mobile,Low,0.757
USER_0610,25.5,15,0.084,16,1,2,Tablet,Medium,0.126
USER_0611,5.8,1,0.046,5,2,45,Mobile,Low,0.704
USER_0612,29.1,3,0.129,24,9,3,Mobile,Medium,0.208
USER_0613,95.6,20,0.302,72,50,1,Tablet,High,0.093
USER_0614,13.2,14,0.124,23,4,10,Desktop,Medium,0.162
USER_0615,16.7,14,0.086,10,4,9,Tablet,Medium,0.263
USER_0616,5.0,3,0.076,3,2,13,Mobile,Low,0.782
USER_0617,8.2,2,0.046,2,2,45,Mobile,Low,0.837
USER_0618,6.6,4,0.104,22,10,2,Mobile,Medium,0.322
USER_0619,118.0,50,0.347,122,13,0,Desktop,High,0.024
USER_0620,87.2,20,0.19,73,22,3,Mobile,High,0.084
USER_0621,51.6,39,0.316,65,27,1,Tablet,High,0.065
USER_0622,8.4,3,0.146,15,1,4,Mobile,Medium,0.102
USER_0623,9.6,1,0.039,5,1,32,Desktop,Low,0.712
USER_0624,28.4,9,0.187,21,10,5,Mobile,Medium,0.229
USER_0625,27.6,6,0.112,10,8,10,Desktop,Medium,0.198
USER_0626,13.6,6,0.197,24,1,7,Mobile,Medium,0.143
USER_0627,7.2,1,0.059,5,2,40,Mobile,Low,0.839
USER_0628,6.7,3,0.024,5,1,45,Desktop,Low,0.639
USER_0629,96.1,42,0.174,114,35,0,Desktop,High,0.089
USER_0630,15.9,8,0.11,23,4,4,Mobile,Medium,0.33
USER_0631,106.0,26,0.258,21,7,2,Mobile,High,0.089
USER_0632,2.5,4,0.077,0,0,22,Desktop,Low,0.907
USER_0633,4.8,3,0.062,3,1,14,Mobile,Low,0.726
USER_0634,37.0,13,0.24,149,10,0,Mobile,High,0.119
USER_0635,3.7,1,0.02,1,1,40,Mobile,Low,0.932
USER_0636,9.9,1,0.051,5,1,17,Desktop,Low,0.618
USER_0637,12.3,15,0.182,7,0,4,Mobile,Medium,0.352
USER_0638,5.6,2,0.054,1,1,27,Mobile,Low,0.595
USER_0639,8.7,1,0.023,3,0,23,Mobile,Low,0.561
USER_0640,23.0,11,0.102,16,7,4,Mobile,Medium,0.212
USER_0641,6.4,2,0.043,5,1,7,Mobile,Low,0.57
USER_0642,11.5,10,0.057,8,0,8,Desktop,Medium,0.283
USER_0643,1.0,3,0.044,5,0,17,Mobile,Low,0.584
USER_0644,7.6,2,0.073,4,2,19,Desktop,Low,0.594
USER_0645,99.3,10,0.231,84,33,0,Tablet,High,0.142
USER_0646,0.6,2,0.041,3,2,22,Desktop,Low,0.775
USER_0647,6.8,5,0.123,19,8,5,Mobile,Medium,0.337
USER_0648,43.9,44,0.391,74,18,1,Mobile,High,0.092
USER_0649,6.0,2,0.038,0,1,10,Desktop,Low,0.707
USER_0650,7.5,4,0.059,1,2,17,Mobile,Low,0.834
USER_0651,26.6,11,0.063,9,2,2,Mobile,Medium,0.26
USER_0652,3.0,4,0.062,4,0,27,Mobile,Low,0.794
USER_0653,30.7,32,0.291,94,10,1,Mobile,High,0.066
USER_0654,9.0,1,0.036,4,1,9,Tablet,Low,0.654
USER_0655,9.3,2,0.031,1,1,45,Mobile,Low,0.721
USER_0656,0.8,1,0.047,2,2,14,Mobile,Low,0.596
USER_0657,8.6,2,0.03,3,0,23,Mobile,Low,0.615
USER_0658,109.3,43,0.263,86,22,1,Mobile,High,0.046
USER_0659,29.2,7,0.139,7,4,5,Mobile,Medium,0.258
USER_0660,24.7,10,0.065,11,0,5,Mobile,Medium,0.199
USER_0661,6.8,4,0.026,0,2,33,Desktop,Low,0.871
USER_0662,2.7,1,0.012,1,0,38,Mobile,Low,0.551
USER_0663,58.3,43,0.16,105,31,1,Mobile,High,0.068
USER_0664,6.5,13,0.063,17,5,9,Tablet,Medium,0.33
USER_0665,79.9,41,0.187,54,34,0,Mobile,High,0.111
USER_0666,2.9,1,0.015,4,1,34,Mobile,Low,0.895
USER_0667,3.0,3,0.012,2,2,26,Desktop,Low,0.924
USER_0668,28.4,6,0.132,7,4,4,Desktop,Medium,0.137
USER_0669,117.2,30,0.17,23,24,1,Desktop,High,0.081
USER_0670,6.5,1,0.061,2,0,8,Desktop,Low,0.822
USER_0671,10.6,3,0.052,18,5,4,Tablet,Medium,0.274
USER_0672,115.2,16,0.185,106,10,1,Mobile,High,0.011
USER_0673,7.8,4,0.093,5,6,9,Mobile,Medium,0.146
USER_0674,9.2,3,0.137,7,7,10,Mobile,Medium,0.159
USER_0675,56.4,45,0.249,100,38,3,Mobile,High,0.044
USER_0676,17.9,5,0.146,24,0,7,Desktop,Medium,0.103
USER_0677,6.9,1,0.02,2,0,14,Mobile,Low,0.915
USER_0678,8.0,1,0.055,1,2,25,Desktop,Low,0.589
USER_0679,7.6,11,0.058,5,6,3,Desktop,Medium,0.176
USER_0680,10.1,14,0.128,24,6,7,Tablet,Medium,0.235
USER_0681,1.0,1,0.028,4,0,27,Mobile,Low,0.937
USER_0682,57.3,11,0.267,90,30,0,Mobile,High,0.069
USER_0683,3.0,4,0.056,2,2,18,Mobile,Low,0.794
USER_0684,51.6,15,0.298,30,8,0,Desktop,High,0.112
USER_0685,8.1,4,0.019,5,0,34,Tablet,Low,0.681
USER_0686,12.6,7,0.118,24,6,6,Desktop,Medium,0.262
USER_0687,3.1,4,0.057,2,0,35,Desktop,Low,0.932
USER_0688,9.1,4,0.043,0,2,7,Mobile,Low,0.725
USER_0689,28.3,14,0.169,8,10,4,Mobile,Medium,0.193
USER_0690,88.5,50,0.154,27,15,2,Desktop,High,0.082
USER_0691,28.4,9,0.055,17,3,8,Desktop,Medium,0.17
USER_0692,6.7,2,0.02,5,0,17,Mobile,Low,0.603
USER_0693,14.8,4,0.088,14,2,6,Mobile,Medium,0.259
USER_0694,3.7,1,0.07,1,1,39,Desktop,Low,0.59
USER_0695,2.2,3,0.069,5,0,42,Mobile,Low,0.677
USER_0696,5.8,13,0.189,19,10,2,Desktop,Medium,0.275
USER_0697,20.1,3,0.104,14,2,10,Mobile,Medium,0.173
USER_0698,57.8,42,0.172,37,18,2,Desktop,High,0.069
USER_0699,15.9,13,0.152,22,5,7,Mobile,Medium,0.196
USER_0700,7.8,3,0.071,1,1,40,Desktop,Low,0.72
USER_0701,4.8,3,0.017,5,1,26,Desktop,Low,0.719
USER_0702,29.2,37,0.398,28,38,1,Mobile,High,0.046
USER_0703,20.2,3,0.124,21,3,9,Desktop,Medium,0.229
USER_0704,85.3,10,0.163,40,45,1,Mobile,High,0.141
USER_0705,23.2,4,0.132,12,2,7,Desktop,Medium,0.164
USER_0706,15.2,12,0.061,17,6,10,Mobile,Medium,0.151
USER_0707,1.3,1,0.049,2,2,26,Mobile,Low,0.757
USER_0708,22.3,5,0.11,6,2,2,Desktop,Medium,0.328
USER_0709,51.5,18,0.306,58,16,2,Desktop,High,0.063
USER_0710,94.6,48,0.339,40,13,3,Desktop,High,0.142
USER_0711,103.4,30,0.206,104,29,3,Mobile,High,0.037
USER_0712,6.0,2,0.022,1,0,30,Tablet,Low,0.739
USER_0713,29.1,3,0.139,16,3,3,Desktop,Medium,0.122
USER_0714,24.0,10,0.149,14,5,5,Tablet,Medium,0.166
USER_0715,23.2,9,0.185,24,10,5,Desktop,Medium,0.289
USER_0716,5.2,2,0.06,2,0,23,Mobile,Low,0.562
USER_0717,45.8,29,0.299,45,18,1,Desktop,High,0.094
USER_0718,58.2,39,0.211,129,9,0,Mobile,High,0.012
USER_0719,28.3,8,0.064,20,6,3,Mobile,Medium,0.135
USER_0720,77.1,36,0.393,35,36,3,Mobile,High,0.111
USER_0721,109.9,19,0.332,22,32,2,Mobile,High,0.041
USER_0722,26.4,8,0.189,11,8,5,Desktop,Medium,0.38
USER_0723,9.4,1,0.011,1,0,15,Mobile,Low,0.778
USER_0724,6.3,3,0.02,1,1,24,Desktop,Low,0.807
USER_0725,8.6,1,0.076,0,0,10,Mobile,Low,0.601
USER_0726,21.2,48,0.208,144,32,3,Mobile,High,0.05
USER_0727,19.9,11,0.083,8,0,7,Desktop,Medium,0.284
USER_0728,85.4,14,0.294,150,37,1,Desktop,High,0.098
USER_0729,19.4,10,0.094,9,10,9,Desktop,Medium,0.188
USER_0730,119.0,23,0.288,140,16,3,Mobile,High,0.05
USER_0731,81.5,19,0.39,26,30,0,Desktop,High,0.042
USER_0732,29.9,8,0.089,20,9,10,Desktop,Medium,0.227
USER_0733,112.9,31,0.263,108,46,1,Mobile,High,0.083
USER_0734,3.2,3,0.031,3,1,13,Mobile,Low,0.653
USER_0735,7.9,10,0.198,20,7,9,Mobile,Medium,0.15
USER_0736,3.6,2,0.066,2,2,10,Mobile,Low,0.581
USER_0737,22.2,14,0.061,25,3,4,Mobile,Medium,0.12
USER_0738,54.7,34,0.298,96,38,2,Mobile,High,0.102
USER_0739,6.7,3,0.133,13,9,5,Desktop,Medium,0.334
USER_0740,22.7,5,0.16,9,0,5,Desktop,Medium,0.236
USER_0741,59.3,41,0.264,124,37,1,Mobile,High,0.019
USER_0742,38.0,31,0.3,38,31,3,Mobile,High,0.114
USER_0743,4.9,1,0.017,1,2,16,Mobile,Low,0.748
USER_0744,1.7,4,0.05,3,2,34,Mobile,Low,0.668
USER_0745,5.0,3,0.115,13,9,3,Mobile,Medium,0.365
USER_0746,28.8,11,0.086,11,10,5,Mobile,Medium,0.143
USER_0747,28.4,10,0.142,22,2,8,Desktop,Medium,0.264
USER_0748,5.0,1,0.029,1,0,42,Mobile,Low,0.64
USER_0749,96.6,10,0.232,145,17,0,Mobile,High,0.082
USER_0750,94.4,12,0.263,80,29,3,Desktop,High,0.097
USER_0751,8.4,3,0.032,4,0,43,Mobile,Low,0.818
USER_0752,8.9,10,0.153,7,3,6,Mobile,Medium,0.167
USER_0753,97.7,35,0.284,142,21,0,Mobile,High,0.037
USER_0754,88.9,28,0.342,37,41,3,Tablet,High,0.055
USER_0755,6.4,1,0.026,4,2,8,Desktop,Low,0.887
USER_0756,32.1,35,0.369,113,20,1,Desktop,High,0.135
USER_0757,14.4,13,0.07,10,9,8,Mobile,Medium,0.244
USER_0758,24.5,7,0.163,6,9,6,Mobile,Medium,0.395
USER_0759,34.9,20,0.272,135,20,1,Desktop,High,0.102
USER_0760,46.3,48,0.284,147,31,3,Mobile,High,0.115
USER_0761,8.5,1,0.019,0,2,14,Mobile,Low,0.725
USER_0762,90.7,42,0.349,97,33,2,Mobile,High,0.084
USER_0763,107.8,30,0.354,42,43,2,Mobile,High,0.065
USER_0764,17.5,12,0.14,23,4,9,Desktop,Medium,0.103
USER_0765,26.0,14,0.09,23,9,5,Mobile,Medium,0.21
USER_0766,17.5,5,0.102,5,1,2,Mobile,Medium,0.329
USER_0767,44.6,18,0.372,143,37,2,Desktop,High,0.051
USER_0768,9.5,2,0.073,0,0,25,Mobile,Low,0.948
USER_0769,65.1,21,0.393,64,10,2,Desktop,High,0.103
USER_0770,109.2,28,0.381,27,14,0,Mobile,High,0.054
USER_0771,22.2,4,0.2,7,6,10,Mobile,Medium,0.295
USER_0772,61.7,47,0.313,66,37,1,Desktop,High,0.041
USER_0773,4.0,2,0.073,4,1,36,Desktop,Low,0.598
USER_0774,7.9,2,0.048,2,2,13,Mobile,Low,0.643
USER_0775,12.8,15,0.081,22,5,10,Desktop,Medium,0.199
USER_0776,9.7,1,0.052,1,0,33,Desktop,Low,0.945
USER_0777,5.4,2,0.024,2,1,38,Tablet,Low,0.786
USER_0778,105.0,36,0.341,91,25,1,Tablet,High,0.132
USER_0779,21.9,11,0.182,23,2,4,Desktop,Medium,0.346
USER_0780,48.3,40,0.232,34,45,2,Mobile,High,0.102
USER_0781,98.5,21,0.162,39,21,0,Desktop,High,0.069
USER_0782,82.9,25,0.197,140,18,3,Desktop,High,0.011
USER_0783,19.8,12,0.14,11,4,10,Desktop,Medium,0.332
USER_0784,9.7,4,0.073,3,2,45,Mobile,Low,0.885
USER_0785,24.2,8,0.063,15,9,5,Mobile,Medium,0.141
USER_0786,85.0,38,0.221,119,11,1,Tablet,High,0.036
USER_0787,8.4,2,0.011,0,2,9,Mobile,Low,0.61
USER_0788,95.6,35,0.372,83,5,2,Mobile,High,0.09
USER_0789,17.6,11,0.067,11,1,2,Mobile,Medium,0.399
USER_0790,101.8,32,0.37,24,44,3,Mobile,High,0.14
USER_0791,93.7,16,0.302,129,25,2,Mobile,High,0.074
USER_0792,3.7,3,0.053,2,2,16,Mobile,Low,0.812
USER_0793,4.4,1,0.064,2,1,41,Mobile,Low,0.764
USER_0794,5.0,2,0.02,4,1,38,Mobile,Low,0.887
USER_0795,21.6,11,0.166,8,4,3,Mobile,Medium,0.209
USER_0796,2.9,3,0.038,1,0,17,Mobile,Low,0.561
USER_0797,72.8,13,0.386,124,9,1,Mobile,High,0.053
USER_0798,7.1,4,0.074,1,1,16,Desktop,Low,0.782
USER_0799,9.7,12,0.125,10,3,5,Mobile,Medium,0.239
USER_0800,5.4,2,0.065,1,0,39,Desktop,Low,0.694
USER_0801,8.5,4,0.059,2,1,11,Tablet,Low,0.937
USER_0802,6.3,13,0.135,25,8,8,Mobile,Medium,0.271
USER_0803,28.7,10,0.111,25,3,10,Mobile,Medium,0.31
USER_0804,8.1,2,0.018,3,1,8,Desktop,Low,0.719
USER_0805,5.4,4,0.014,3,2,36,Mobile,Low,0.557
USER_0806,29.7,13,0.181,13,7,3,Mobile,Medium,0.198
USER_0807,7.1,3,0.057,1,2,20,Desktop,Low,0.622
USER_0808,28.4,10,0.073,17,3,7,Mobile,Medium,0.157
USER_0809,113.6,42,0.352,142,15,2,Desktop,High,0.029
USER_0810,107.8,27,0.203,133,32,3,Mobile,High,0.076
USER_0811,76.6,43,0.395,42,13,1,Mobile,High,0.025
USER_0812,64.1,21,0.211,31,11,3,Desktop,High,0.027
USER_0813,8.6,5,0.099,16,4,10,Mobile,Medium,0.253
USER_0814,6.7,3,0.061,3,0,8,Mobile,Low,0.599
USER_0815,21.4,8,0.124,7,0,4,Desktop,Medium,0.277
USER_0816,29.5,6,0.17,14,5,2,Mobile,Medium,0.284
USER_0817,19.7,14,0.132,13,10,4,Mobile,Medium,0.176
USER_0818,8.3,15,0.179,12,5,10,Desktop,Medium,0.375
USER_0819,45.7,21,0.334,119,26,2,Mobile,High,0.087
USER_0820,25.2,7,0.166,8,8,4,Desktop,Medium,0.312
USER_0821,1.5,2,0.044,2,1,43,Tablet,Low,0.914
USER_0822,9.6,2,0.038,1,2,24,Desktop,Low,0.64
USER_0823,24.6,10,0.13,11,0,5,Mobile,Medium,0.231
USER_0824,1.2,1,0.043,4,1,12,Mobile,Low,0.643
USER_0825,105.6,13,0.156,137,22,1,Mobile,High,0.024
USER_0826,20.8,15,0.053,8,2,9,Mobile,Medium,0.168
USER_0827,90.8,40,0.159,41,45,2,Mobile,High,0.115
USER_0828,8.2,4,0.075,0,2,34,Mobile,Low,0.747
USER_0829,13.1,8,0.104,20,5,3,Desktop,Medium,0.279
USER_0830,32.9,50,0.351,118,45,1,Desktop,High,0.141
USER_0831,30.6,37,0.155,56,8,0,Desktop,High,0.016
USER_0832,10.1,10,0.082,17,8,6,Desktop,Medium,0.156
USER_0833,2.7,3,0.046,4,1,35,Mobile,Low,0.887
USER_0834,16.3,4,0.178,5,10,2,Desktop,Medium,0.23
USER_0835,6.7,5,0.076,11,8,5,Mobile,Medium,0.37
USER_0836,33.8,39,0.199,122,42,1,Desktop,High,0.1
USER_0837,83.2,50,0.375,109,16,1,Mobile,High,0.098
USER_0838,20.8,50,0.349,150,35,2,Mobile,High,0.129
USER_0839,20.5,8,0.134,16,10,5,Mobile,Medium,0.17
USER_0840,96.5,10,0.287,120,27,0,Desktop,High,0.14
USER_0841,19.4,4,0.118,25,2,7,Mobile,Medium,0.1
USER_0842,20.9,37,0.343,49,28,3,Desktop,High,0.038
USER_0843,66.4,35,0.376,88,44,1,Mobile,High,0.064
USER_0844,27.9,12,0.183,9,3,10,Mobile,Medium,0.354
USER_0845,18.9,6,0.157,9,10,8,Mobile,Medium,0.366
USER_0846,25.9,6,0.155,22,10,8,Mobile,Medium,0.273
USER_0847,54.8,23,0.36,147,17,3,Desktop,High,0.085
USER_0848,83.9,49,0.36,124,5,1,Desktop,High,0.121
USER_0849,18.6,15,0.188,15,3,7,Mobile,Medium,0.279
USER_0850,1.8,4,0.051,1,1,28,Mobile,Low,0.849
USER_0851,22.3,5,0.14,6,1,8,Desktop,Medium,0.319
USER_0852,16.7,15,0.143,5,4,2,Desktop,Medium,0.288
USER_0853,22.9,14,0.102,14,0,8,Desktop,Medium,0.202
USER_0854,12.3,13,0.102,13,8,4,Mobile,Medium,0.119
USER_0855,26.4,4,0.059,5,1,4,Mobile,Medium,0.174
USER_0856,9.8,1,0.056,5,0,33,Mobile,Low,0.911
USER_0857,74.3,41,0.362,23,30,3,Desktop,High,0.065
USER_0858,19.7,7,0.1,18,1,5,Desktop,Medium,0.236
USER_0859,6.1,2,0.03,5,2,27,Tablet,Low,0.755
USER_0860,75.3,50,0.261,105,27,0,Desktop,High,0.046
USER_0861,1.6,1,0.057,5,2,22,Mobile,Low,0.874
USER_0862,28.8,8,0.1,12,8,3,Mobile,Medium,0.268
USER_0863,7.2,9,0.136,5,4,3,Mobile,Medium,0.37
USER_0864,3.6,4,0.078,3,0,14,Desktop,Low,0.856
USER_0865,66.7,23,0.263,21,27,3,Desktop,High,0.099
USER_0866,15.5,4,0.148,19,0,2,Desktop,Medium,0.272
USER_0867,66.0,11,0.307,139,39,3,Desktop,High,0.148
USER_0868,10.0,2,0.063,1,1,38,Tablet,Low,0.865
USER_0869,14.1,11,0.195,21,8,6,Tablet,Medium,0.399
USER_0870,7.9,3,0.093,23,7,9,Desktop,Medium,0.336
USER_0871,96.1,22,0.206,140,35,0,Desktop,High,0.116
USER_0872,112.9,32,0.243,142,44,3,Mobile,High,0.083
USER_0873,90.4,49,0.156,106,49,0,Desktop,High,0.094
USER_0874,5.5,2,0.047,2,1,15,Mobile,Low,0.912
USER_0875,6.3,13,0.061,6,0,9,Desktop,Medium,0.233
USER_0876,31.4,40,0.162,95,9,1,Desktop,High,0.125
USER_0877,25.9,11,0.138,23,0,5,Desktop,Medium,0.108
USER_0878,69.0,10,0.184,132,40,1,Tablet,High,0.114
USER_0879,6.8,4,0.021,2,1,37,Mobile,Low,0.644
USER_0880,8.0,1,0.043,5,1,22,Desktop,Low,0.732
USER_0881,35.1,37,0.158,32,13,3,Tablet,High,0.135
USER_0882,70.1,12,0.392,44,38,0,Tablet,High,0.114
USER_0883,7.0,9,0.077,10,9,8,Mobile,Medium,0.159
USER_0884,8.6,4,0.016,3,2,39,Desktop,Low,0.667
USER_0885,71.8,37,0.327,123,5,3,Mobile,High,0.03
USER_0886,58.2,15,0.385,149,35,3,Desktop,High,0.143
USER_0887,26.4,14,0.093,18,7,10,Tablet,Medium,0.364
USER_0888,22.1,5,0.084,25,4,5,Desktop,Medium,0.299
USER_0889,26.9,27,0.217,30,33,3,Mobile,High,0.015
USER_0890,50.0,14,0.212,86,29,2,Desktop,High,0.127
USER_0891,4.7,2,0.052,5,1,21,Mobile,Low,0.932
USER_0892,23.1,15,0.172,11,3,9,Desktop,Medium,0.118
USER_0893,6.1,14,0.099,17,7,3,Mobile,Medium,0.318
USER_0894,5.6,2,0.043,1,2,20,Mobile,Low,0.568
USER_0895,117.7,30,0.279,60,17,1,Mobile,High,0.138
USER_0896,114.8,19,0.198,74,36,1,Mobile,High,0.106
USER_0897,20.2,5,0.173,18,8,8,Mobile,Medium,0.218
USER_0898,2.8,4,0.063,3,2,37,Mobile,Low,0.663
USER_0899,11.5,3,0.069,5,10,6,Desktop,Medium,0.349
USER_0900,3.1,3,0.076,0,0,19,Desktop,Low,0.839
USER_0901,3.4,2,0.073,3,0,33,Desktop,Low,0.74
USER_0902,14.2,13,0.093,18,3,10,Tablet,Medium,0.319
USER_0903,7.4,4,0.086,23,7,5,Mobile,Medium,0.17
USER_0904,117.6,34,0.349,38,20,3,Desktop,High,0.125
USER_0905,20.0,23,0.382,54,46,1,Mobile,High,0.05
USER_0906,108.5,19,0.178,143,10,1,Mobile,High,0.095
USER_0907,5.7,2,0.011,0,1,23,Mobile,Low,0.833
USER_0908,22.2,13,0.132,6,3,8,Mobile,Medium,0.153
USER_0909,4.3,4,0.039,1,0,11,Mobile,Low,0.642
USER_0910,6.5,4,0.198,17,5,4,Mobile,Medium,0.247
USER_0911,28.4,7,0.077,6,10,10,Mobile,Medium,0.338
USER_0912,15.9,7,0.193,11,6,5,Tablet,Medium,0.191
USER_0913,5.8,4,0.074,9,3,10,Mobile,Medium,0.102
USER_0914,1.4,2,0.012,1,1,39,Mobile,Low,0.643
USER_0915,62.6,31,0.151,90,27,1,Desktop,High,0.072
USER_0916,3.2,2,0.075,5,1,8,Mobile,Low,0.583
USER_0917,7.8,7,0.12,24,7,3,Desktop,Medium,0.389
USER_0918,15.3,9,0.077,20,0,7,Desktop,Medium,0.23
USER_0919,84.3,16,0.361,128,39,1,Mobile,High,0.055
USER_0920,27.4,7,0.114,19,0,2,Desktop,Medium,0.178
USER_0921,5.6,1,0.021,1,0,39,Desktop,Low,0.585
USER_0922,29.1,25,0.159,111,29,1,Mobile,High,0.09
USER_0923,17.0,14,0.193,16,2,9,Desktop,Medium,0.117
USER_0924,22.8,10,0.098,20,7,2,Mobile,Medium,0.259
USER_0925,7.7,4,0.036,4,0,37,Mobile,Low,0.856
USER_0926,83.2,28,0.237,61,16,3,Mobile,High,0.13
USER_0927,102.8,24,0.303,61,47,2,Desktop,High,0.127
USER_0928,4.7,4,0.05,0,0,25,Mobile,Low,0.674
USER_0929,23.4,8,0.064,19,7,7,Mobile,Medium,0.33
USER_0930,3.2,1,0.062,3,0,27,Desktop,Low,0.892
USER_0931,26.8,7,0.14,18,0,10,Mobile,Medium,0.126
USER_0932,2.8,4,0.027,1,0,36,Desktop,Low,0.698
USER_0933,81.5,29,0.186,53,39,3,Mobile,High,0.016
USER_0934,27.8,5,0.071,23,2,10,Mobile,Medium,0.159
USER_0935,41.7,47,0.162,123,13,0,Desktop,High,0.096
USER_0936,23.8,11,0.112,5,10,5,Desktop,Medium,0.244
USER_0937,10.6,8,0.102,23,1,9,Mobile,Medium,0.17
USER_0938,9.8,2,0.062,1,2,32,Desktop,Low,0.711
USER_0939,19.3,14,0.059,8,8,7,Mobile,Medium,0.234
USER_0940,4.7,4,0.069,1,1,7,Mobile,Low,0.709
USER_0941,4.6,2,0.059,2,2,36,Mobile,Low,0.584
USER_0942,5.9,9,0.069,24,2,3,Mobile,Medium,0.327
USER_0943,4.5,3,0.075,3,0,27,Mobile,Low,0.93
USER_0944,60.0,19,0.358,48,9,2,Mobile,High,0.021
USER_0945,29.6,10,0.083,17,7,2,Desktop,Medium,0.146
USER_0946,25.4,13,0.072,24,4,6,Mobile,Medium,0.157
USER_0947,3.3,4,0.011,4,2,25,Desktop,Low,0.577
USER_0948,18.4,7,0.168,12,4,6,Desktop,Medium,0.183
USER_0949,23.3,5,0.091,21,9,2,Mobile,Medium,0.152
USER_0950,7.6,1,0.042,4,0,34,Mobile,Low,0.84
USER_0951,88.5,17,0.213,140,31,1,Mobile,High,0.066
USER_0952,92.9,43,0.389,99,39,3,Tablet,High,0.138
USER_0953,2.7,1,0.015,1,1,13,Mobile,Low,0.903
USER_0954,7.3,1,0.078,3,1,30,Mobile,Low,0.695
USER_0955,65.9,18,0.184,24,19,0,Mobile,High,0.102
USER_0956,22.0,5,0.167,19,4,6,Desktop,Medium,0.241
USER_0957,12.1,8,0.08,19,7,10,Mobile,Medium,0.257
USER_0958,79.5,48,0.197,71,38,2,Desktop,High,0.067
USER_0959,74.9,36,0.294,87,41,1,Desktop,High,0.05
USER_0960,6.7,3,0.016,2,1,10,Mobile,Low,0.644
USER_0961,6.7,2,0.034,5,1,21,Mobile,Low,0.893
USER_0962,98.9,19,0.226,24,41,3,Mobile,High,0.107
USER_0963,13.4,15,0.172,6,3,8,Desktop,Medium,0.36
USER_0964,18.2,9,0.15,25,7,9,Mobile,Medium,0.379
USER_0965,19.8,11,0.193,21,8,4,Tablet,Medium,0.183
USER_0966,60.4,37,0.291,84,50,2,Mobile,High,0.099
USER_0967,2.6,4,0.066,4,2,13,Desktop,Low,0.784
USER_0968,0.7,3,0.021,0,0,43,Desktop,Low,0.715
USER_0969,26.5,14,0.188,13,1,8,Mobile,Medium,0.197
USER_0970,6.8,2,0.035,4,0,44,Mobile,Low,0.851
USER_0971,86.4,11,0.221,107,49,0,Desktop,High,0.103
USER_0972,17.9,11,0.17,20,8,8,Desktop,Medium,0.174
USER_0973,9.3,13,0.154,11,2,5,Tablet,Medium,0.258
USER_0974,4.0,2,0.033,2,2,16,Desktop,Low,0.867
USER_0975,27.5,10,0.144,14,0,8,Mobile,Medium,0.361
USER_0976,24.3,9,0.072,22,5,10,Mobile,Medium,0.251
USER_0977,61.8,39,0.291,114,42,1,Desktop,High,0.039
USER_0978,4.4,3,0.012,4,1,42,Mobile,Low,0.735
USER_0979,8.7,4,0.018,5,2,24,Desktop,Low,0.578
USER_0980,17.2,7,0.117,23,5,8,Mobile,Medium,0.386
USER_0981,17.3,3,0.129,23,0,3,Mobile,Medium,0.128
USER_0982,7.4,4,0.052,2,1,26,Desktop,Low,0.576
USER_0983,9.2,2,0.034,3,1,13,Desktop,Low,0.714
USER_0984,27.8,10,0.173,12,5,6,Mobile,Medium,0.394
USER_0985,61.3,48,0.173,35,35,0,Desktop,High,0.106
USER_0986,25.4,9,0.125,10,10,7,Mobile,Medium,0.334
USER_0987,27.5,6,0.155,21,9,9,Mobile,Medium,0.16
USER_0988,71.2,33,0.205,81,43,1,Mobile,High,0.09
USER_0989,7.8,3,0.021,4,0,11,Mobile,Low,0.867
USER_0990,11.1,15,0.184,7,6,3,Mobile,Medium,0.364
USER_0991,25.4,15,0.058,5,3,3,Tablet,Medium,0.285
USER_0992,14.6,9,0.173,6,1,2,Desktop,Medium,0.377
USER_0993,96.4,43,0.171,68,10,1,Tablet,High,0.065
USER_0994,1.5,3,0.063,4,1,23,Mobile,Low,0.81
USER_0995,8.1,4,0.012,0,0,10,Tablet,Low,0.709
USER_0996,21.3,11,0.09,5,2,3,Mobile,Medium,0.306
USER_0997,62.9,47,0.323,33,44,0,Mobile,High,0.09
USER_0998,7.9,3,0.069,2,1,14,Tablet,Low,0.65
USER_0999,16.4,8,0.081,12,3,3,Mobile,Medium,0.253
USER_1000,7.0,11,0.107,20,1,6,Mobile,Medium,0.109
